filename,emo_pred,int_pred
Track1_Testing_00491,neutral,neutral
Track1_Testing_00443,neutral,neutral
Track1_Testing_00591,neutral,neutral
Track1_Testing_00220,neutral,neutral
Track1_Testing_00266,neutral,neutral
Track1_Testing_00363,neutral,neutral
Track1_Testing_00085,neutral,neutral
Track1_Testing_00132,neutral,neutral
Track1_Testing_00815,neutral,neutral
Track1_Testing_00613,neutral,neutral
Track1_Testing_00135,neutral,neutral
Track1_Testing_00765,neutral,neutral
Track1_Testing_00747,neutral,neutral
Track1_Testing_00471,neutral,neutral
Track1_Testing_00389,neutral,neutral
Track1_Testing_00360,neutral,neutral
Track1_Testing_00664,neutral,neutral
Track1_Testing_00768,neutral,neutral
Track1_Testing_00017,neutral,neutral
Track1_Testing_00831,neutral,neutral
Track1_Testing_00276,neutral,neutral
Track1_Testing_00286,neutral,neutral
Track1_Testing_00337,neutral,neutral
Track1_Testing_00793,neutral,neutral
Track1_Testing_00864,neutral,neutral
Track1_Testing_00154,neutral,neutral
Track1_Testing_00172,neutral,neutral
Track1_Testing_00342,neutral,neutral
Track1_Testing_00020,neutral,neutral
Track1_Testing_00241,neutral,neutral
Track1_Testing_00029,neutral,neutral
Track1_Testing_00133,neutral,neutral
Track1_Testing_00656,neutral,neutral
Track1_Testing_00536,neutral,neutral
Track1_Testing_00800,neutral,neutral
Track1_Testing_00686,neutral,neutral
Track1_Testing_00431,neutral,neutral
Track1_Testing_00661,neutral,neutral
Track1_Testing_00364,neutral,neutral
Track1_Testing_00893,neutral,neutral
Track1_Testing_00346,neutral,neutral
Track1_Testing_00861,neutral,neutral
Track1_Testing_00488,neutral,neutral
Track1_Testing_00158,neutral,neutral
Track1_Testing_00425,neutral,neutral
Track1_Testing_00644,neutral,neutral
Track1_Testing_00470,neutral,neutral
Track1_Testing_00242,neutral,neutral
Track1_Testing_00043,neutral,neutral
Track1_Testing_00839,neutral,neutral
Track1_Testing_00382,neutral,neutral
Track1_Testing_00529,neutral,neutral
Track1_Testing_00110,neutral,neutral
Track1_Testing_00865,neutral,neutral
Track1_Testing_00088,neutral,neutral
Track1_Testing_00104,neutral,neutral
Track1_Testing_00711,neutral,neutral
Track1_Testing_00143,neutral,neutral
Track1_Testing_00200,neutral,neutral
Track1_Testing_00498,neutral,neutral
Track1_Testing_00685,neutral,neutral
Track1_Testing_00112,neutral,neutral
Track1_Testing_00191,neutral,neutral
Track1_Testing_00357,neutral,neutral
Track1_Testing_00345,neutral,neutral
Track1_Testing_00102,neutral,neutral
Track1_Testing_00675,neutral,neutral
Track1_Testing_00440,neutral,neutral
Track1_Testing_00459,neutral,neutral
Track1_Testing_00087,neutral,neutral
Track1_Testing_00322,neutral,neutral
Track1_Testing_00160,neutral,neutral
Track1_Testing_00251,neutral,neutral
Track1_Testing_00553,neutral,neutral
Track1_Testing_00217,neutral,neutral
Track1_Testing_00050,neutral,neutral
Track1_Testing_00321,neutral,neutral
Track1_Testing_00249,neutral,neutral
Track1_Testing_00704,neutral,neutral
Track1_Testing_00058,neutral,neutral
Track1_Testing_00195,neutral,neutral
Track1_Testing_00731,neutral,neutral
Track1_Testing_00101,neutral,neutral
Track1_Testing_00588,neutral,neutral
Track1_Testing_00543,neutral,neutral
Track1_Testing_00329,neutral,neutral
Track1_Testing_00742,neutral,neutral
Track1_Testing_00013,neutral,neutral
Track1_Testing_00708,neutral,neutral
Track1_Testing_00031,neutral,neutral
Track1_Testing_00761,neutral,neutral
Track1_Testing_00703,neutral,neutral
Track1_Testing_00696,neutral,neutral
Track1_Testing_00426,neutral,neutral
Track1_Testing_00475,neutral,neutral
Track1_Testing_00602,neutral,neutral
Track1_Testing_00723,neutral,neutral
Track1_Testing_00788,neutral,neutral
Track1_Testing_00490,neutral,neutral
Track1_Testing_00781,neutral,neutral
Track1_Testing_00652,neutral,neutral
Track1_Testing_00273,neutral,neutral
Track1_Testing_00601,neutral,neutral
Track1_Testing_00659,neutral,neutral
Track1_Testing_00423,neutral,neutral
Track1_Testing_00678,neutral,neutral
Track1_Testing_00764,neutral,neutral
Track1_Testing_00022,neutral,neutral
Track1_Testing_00480,neutral,neutral
Track1_Testing_00317,neutral,neutral
Track1_Testing_00840,neutral,neutral
Track1_Testing_00526,neutral,neutral
Track1_Testing_00522,neutral,neutral
Track1_Testing_00173,neutral,neutral
Track1_Testing_00886,neutral,neutral
Track1_Testing_00819,neutral,neutral
Track1_Testing_00376,neutral,neutral
Track1_Testing_00578,neutral,neutral
Track1_Testing_00334,neutral,neutral
Track1_Testing_00374,neutral,neutral
Track1_Testing_00250,neutral,neutral
Track1_Testing_00512,neutral,neutral
Track1_Testing_00749,neutral,neutral
Track1_Testing_00287,neutral,neutral
Track1_Testing_00114,neutral,neutral
Track1_Testing_00687,neutral,neutral
Track1_Testing_00884,neutral,neutral
Track1_Testing_00272,neutral,neutral
Track1_Testing_00218,neutral,neutral
Track1_Testing_00105,neutral,neutral
Track1_Testing_00303,neutral,neutral
Track1_Testing_00753,neutral,neutral
Track1_Testing_00584,neutral,neutral
Track1_Testing_00068,neutral,neutral
Track1_Testing_00725,neutral,neutral
Track1_Testing_00453,neutral,neutral
Track1_Testing_00878,neutral,neutral
Track1_Testing_00892,neutral,neutral
Track1_Testing_00790,neutral,neutral
Track1_Testing_00042,neutral,neutral
Track1_Testing_00655,neutral,neutral
Track1_Testing_00404,neutral,neutral
Track1_Testing_00006,neutral,neutral
Track1_Testing_00099,neutral,neutral
Track1_Testing_00211,neutral,neutral
Track1_Testing_00824,neutral,neutral
Track1_Testing_00354,neutral,neutral
Track1_Testing_00168,neutral,neutral
Track1_Testing_00679,neutral,neutral
Track1_Testing_00021,neutral,neutral
Track1_Testing_00830,neutral,neutral
Track1_Testing_00277,neutral,neutral
Track1_Testing_00301,neutral,neutral
Track1_Testing_00141,neutral,neutral
Track1_Testing_00180,neutral,neutral
Track1_Testing_00838,neutral,neutral
Track1_Testing_00489,neutral,neutral
Track1_Testing_00802,neutral,neutral
Track1_Testing_00621,neutral,neutral
Track1_Testing_00773,neutral,neutral
Track1_Testing_00438,neutral,neutral
Track1_Testing_00403,neutral,neutral
Track1_Testing_00662,neutral,neutral
Track1_Testing_00093,neutral,neutral
Track1_Testing_00394,neutral,neutral
Track1_Testing_00157,neutral,neutral
Track1_Testing_00082,neutral,neutral
Track1_Testing_00692,neutral,neutral
Track1_Testing_00170,neutral,neutral
Track1_Testing_00454,neutral,neutral
Track1_Testing_00507,neutral,neutral
Track1_Testing_00175,neutral,neutral
Track1_Testing_00607,neutral,neutral
Track1_Testing_00617,neutral,neutral
Track1_Testing_00240,neutral,neutral
Track1_Testing_00063,neutral,neutral
Track1_Testing_00447,neutral,neutral
Track1_Testing_00799,neutral,neutral
Track1_Testing_00531,neutral,neutral
Track1_Testing_00296,neutral,neutral
Track1_Testing_00535,neutral,neutral
Track1_Testing_00763,neutral,neutral
Track1_Testing_00410,neutral,neutral
Track1_Testing_00775,neutral,neutral
Track1_Testing_00755,neutral,neutral
Track1_Testing_00270,neutral,neutral
Track1_Testing_00349,neutral,neutral
Track1_Testing_00497,neutral,neutral
Track1_Testing_00481,neutral,neutral
Track1_Testing_00671,neutral,neutral
Track1_Testing_00009,neutral,neutral
Track1_Testing_00350,neutral,neutral
Track1_Testing_00267,neutral,neutral
Track1_Testing_00347,neutral,neutral
Track1_Testing_00680,neutral,neutral
Track1_Testing_00650,neutral,neutral
Track1_Testing_00852,neutral,neutral
Track1_Testing_00234,neutral,neutral
Track1_Testing_00760,neutral,neutral
Track1_Testing_00583,neutral,neutral
Track1_Testing_00190,neutral,neutral
Track1_Testing_00289,neutral,neutral
Track1_Testing_00333,neutral,neutral
Track1_Testing_00452,neutral,neutral
Track1_Testing_00610,neutral,neutral
Track1_Testing_00036,neutral,neutral
Track1_Testing_00641,neutral,neutral
Track1_Testing_00616,neutral,neutral
Track1_Testing_00204,neutral,neutral
Track1_Testing_00260,neutral,neutral
Track1_Testing_00353,neutral,neutral
Track1_Testing_00720,neutral,neutral
Track1_Testing_00689,neutral,neutral
Track1_Testing_00665,neutral,neutral
Track1_Testing_00809,neutral,neutral
Track1_Testing_00054,neutral,neutral
Track1_Testing_00040,neutral,neutral
Track1_Testing_00268,neutral,neutral
Track1_Testing_00638,neutral,neutral
Track1_Testing_00787,neutral,neutral
Track1_Testing_00136,neutral,neutral
Track1_Testing_00256,neutral,neutral
Track1_Testing_00603,neutral,neutral
Track1_Testing_00842,neutral,neutral
Track1_Testing_00571,neutral,neutral
Track1_Testing_00875,neutral,neutral
Track1_Testing_00834,neutral,neutral
Track1_Testing_00569,neutral,neutral
Track1_Testing_00593,neutral,neutral
Track1_Testing_00647,neutral,neutral
Track1_Testing_00871,neutral,neutral
Track1_Testing_00503,neutral,neutral
Track1_Testing_00803,neutral,neutral
Track1_Testing_00555,neutral,neutral
Track1_Testing_00493,neutral,neutral
Track1_Testing_00695,neutral,neutral
Track1_Testing_00416,neutral,neutral
Track1_Testing_00881,neutral,neutral
Track1_Testing_00632,neutral,neutral
Track1_Testing_00779,neutral,neutral
Track1_Testing_00456,neutral,neutral
Track1_Testing_00595,neutral,neutral
Track1_Testing_00304,neutral,neutral
Track1_Testing_00283,neutral,neutral
Track1_Testing_00451,neutral,neutral
Track1_Testing_00496,neutral,neutral
Track1_Testing_00179,neutral,neutral
Track1_Testing_00181,neutral,neutral
Track1_Testing_00205,neutral,neutral
Track1_Testing_00435,neutral,neutral
Track1_Testing_00605,neutral,neutral
Track1_Testing_00001,neutral,neutral
Track1_Testing_00575,neutral,neutral
Track1_Testing_00259,neutral,neutral
Track1_Testing_00767,neutral,neutral
Track1_Testing_00492,neutral,neutral
Track1_Testing_00537,neutral,neutral
Track1_Testing_00393,neutral,neutral
Track1_Testing_00348,neutral,neutral
Track1_Testing_00712,neutral,neutral
Track1_Testing_00467,neutral,neutral
Track1_Testing_00038,neutral,neutral
Track1_Testing_00630,neutral,neutral
Track1_Testing_00069,neutral,neutral
Track1_Testing_00392,neutral,neutral
Track1_Testing_00359,neutral,neutral
Track1_Testing_00070,neutral,neutral
Track1_Testing_00736,neutral,neutral
Track1_Testing_00223,neutral,neutral
Track1_Testing_00674,neutral,neutral
Track1_Testing_00855,neutral,neutral
Track1_Testing_00371,neutral,neutral
Track1_Testing_00523,neutral,neutral
Track1_Testing_00162,neutral,neutral
Track1_Testing_00247,neutral,neutral
Track1_Testing_00615,neutral,neutral
Track1_Testing_00810,neutral,neutral
Track1_Testing_00400,neutral,neutral
Track1_Testing_00628,neutral,neutral
Track1_Testing_00862,neutral,neutral
Track1_Testing_00235,neutral,neutral
Track1_Testing_00642,neutral,neutral
Track1_Testing_00499,neutral,neutral
Track1_Testing_00494,neutral,neutral
Track1_Testing_00049,neutral,neutral
Track1_Testing_00506,neutral,neutral
Track1_Testing_00351,neutral,neutral
Track1_Testing_00521,neutral,neutral
Track1_Testing_00677,neutral,neutral
Track1_Testing_00757,neutral,neutral
Track1_Testing_00648,neutral,neutral
Track1_Testing_00409,neutral,neutral
Track1_Testing_00420,neutral,neutral
Track1_Testing_00156,neutral,neutral
Track1_Testing_00094,neutral,neutral
Track1_Testing_00614,neutral,neutral
Track1_Testing_00271,neutral,neutral
Track1_Testing_00137,neutral,neutral
Track1_Testing_00166,neutral,neutral
Track1_Testing_00117,neutral,neutral
Track1_Testing_00128,neutral,neutral
Track1_Testing_00290,neutral,neutral
Track1_Testing_00103,neutral,neutral
Track1_Testing_00846,neutral,neutral
Track1_Testing_00395,neutral,neutral
Track1_Testing_00134,neutral,neutral
Track1_Testing_00576,neutral,neutral
Track1_Testing_00515,neutral,neutral
Track1_Testing_00565,neutral,neutral
Track1_Testing_00635,neutral,neutral
Track1_Testing_00716,neutral,neutral
Track1_Testing_00461,neutral,neutral
Track1_Testing_00307,neutral,neutral
Track1_Testing_00690,neutral,neutral
Track1_Testing_00023,neutral,neutral
Track1_Testing_00520,neutral,neutral
Track1_Testing_00684,neutral,neutral
Track1_Testing_00845,neutral,neutral
Track1_Testing_00232,neutral,neutral
Track1_Testing_00309,neutral,neutral
Track1_Testing_00415,neutral,neutral
Track1_Testing_00126,neutral,neutral
Track1_Testing_00174,neutral,neutral
Track1_Testing_00048,neutral,neutral
Track1_Testing_00075,neutral,neutral
Track1_Testing_00014,neutral,neutral
Track1_Testing_00551,neutral,neutral
Track1_Testing_00061,neutral,neutral
Track1_Testing_00637,neutral,neutral
Track1_Testing_00518,neutral,neutral
Track1_Testing_00178,neutral,neutral
Track1_Testing_00812,neutral,neutral
Track1_Testing_00433,neutral,neutral
Track1_Testing_00305,neutral,neutral
Track1_Testing_00532,neutral,neutral
Track1_Testing_00796,neutral,neutral
Track1_Testing_00269,neutral,neutral
Track1_Testing_00495,neutral,neutral
Track1_Testing_00051,neutral,neutral
Track1_Testing_00849,neutral,neutral
Track1_Testing_00053,neutral,neutral
Track1_Testing_00034,neutral,neutral
Track1_Testing_00169,neutral,neutral
Track1_Testing_00729,neutral,neutral
Track1_Testing_00327,neutral,neutral
Track1_Testing_00253,neutral,neutral
Track1_Testing_00384,neutral,neutral
Track1_Testing_00318,neutral,neutral
Track1_Testing_00434,neutral,neutral
Track1_Testing_00564,neutral,neutral
Track1_Testing_00411,neutral,neutral
Track1_Testing_00147,neutral,neutral
Track1_Testing_00073,neutral,neutral
Track1_Testing_00429,neutral,neutral
Track1_Testing_00151,neutral,neutral
Track1_Testing_00056,neutral,neutral
Track1_Testing_00561,neutral,neutral
Track1_Testing_00837,neutral,neutral
Track1_Testing_00184,neutral,neutral
Track1_Testing_00140,neutral,neutral
Track1_Testing_00693,neutral,neutral
Track1_Testing_00123,neutral,neutral
Track1_Testing_00164,neutral,neutral
Track1_Testing_00060,neutral,neutral
Track1_Testing_00406,neutral,neutral
Track1_Testing_00771,neutral,neutral
Track1_Testing_00155,neutral,neutral
Track1_Testing_00212,neutral,neutral
Track1_Testing_00828,neutral,neutral
Track1_Testing_00728,neutral,neutral
Track1_Testing_00027,neutral,neutral
Track1_Testing_00744,neutral,neutral
Track1_Testing_00316,neutral,neutral
Track1_Testing_00390,neutral,neutral
Track1_Testing_00115,neutral,neutral
Track1_Testing_00794,neutral,neutral
Track1_Testing_00412,neutral,neutral
Track1_Testing_00528,neutral,neutral
Track1_Testing_00889,neutral,neutral
Track1_Testing_00636,neutral,neutral
Track1_Testing_00230,neutral,neutral
Track1_Testing_00667,neutral,neutral
Track1_Testing_00448,neutral,neutral
Track1_Testing_00037,neutral,neutral
Track1_Testing_00373,neutral,neutral
Track1_Testing_00315,neutral,neutral
Track1_Testing_00844,neutral,neutral
Track1_Testing_00510,neutral,neutral
Track1_Testing_00740,neutral,neutral
Track1_Testing_00100,neutral,neutral
Track1_Testing_00726,neutral,neutral
Track1_Testing_00095,neutral,neutral
Track1_Testing_00640,neutral,neutral
Track1_Testing_00148,neutral,neutral
Track1_Testing_00150,neutral,neutral
Track1_Testing_00446,neutral,neutral
Track1_Testing_00622,neutral,neutral
Track1_Testing_00424,neutral,neutral
Track1_Testing_00546,neutral,neutral
Track1_Testing_00754,neutral,neutral
Track1_Testing_00261,neutral,neutral
Track1_Testing_00084,neutral,neutral
Track1_Testing_00534,neutral,neutral
Track1_Testing_00777,neutral,neutral
Track1_Testing_00245,neutral,neutral
Track1_Testing_00193,neutral,neutral
Track1_Testing_00077,neutral,neutral
Track1_Testing_00298,neutral,neutral
Track1_Testing_00853,neutral,neutral
Track1_Testing_00683,neutral,neutral
Track1_Testing_00469,neutral,neutral
Track1_Testing_00196,neutral,neutral
Track1_Testing_00818,neutral,neutral
Track1_Testing_00221,neutral,neutral
Track1_Testing_00631,neutral,neutral
Track1_Testing_00033,neutral,neutral
Track1_Testing_00028,neutral,neutral
Track1_Testing_00468,neutral,neutral
Track1_Testing_00080,neutral,neutral
Track1_Testing_00627,neutral,neutral
Track1_Testing_00599,neutral,neutral
Track1_Testing_00107,neutral,neutral
Track1_Testing_00397,neutral,neutral
Track1_Testing_00167,neutral,neutral
Track1_Testing_00527,neutral,neutral
Track1_Testing_00124,neutral,neutral
Track1_Testing_00688,neutral,neutral
Track1_Testing_00813,neutral,neutral
Track1_Testing_00072,neutral,neutral
Track1_Testing_00284,neutral,neutral
Track1_Testing_00867,neutral,neutral
Track1_Testing_00437,neutral,neutral
Track1_Testing_00402,neutral,neutral
Track1_Testing_00417,neutral,neutral
Track1_Testing_00192,neutral,neutral
Track1_Testing_00629,neutral,neutral
Track1_Testing_00278,neutral,neutral
Track1_Testing_00003,neutral,neutral
Track1_Testing_00594,neutral,neutral
Track1_Testing_00620,neutral,neutral
Track1_Testing_00244,neutral,neutral
Track1_Testing_00562,neutral,neutral
Track1_Testing_00011,neutral,neutral
Track1_Testing_00472,neutral,neutral
Track1_Testing_00545,neutral,neutral
Track1_Testing_00825,neutral,neutral
Track1_Testing_00380,neutral,neutral
Track1_Testing_00030,neutral,neutral
Track1_Testing_00035,neutral,neutral
Track1_Testing_00556,neutral,neutral
Track1_Testing_00439,neutral,neutral
Track1_Testing_00649,neutral,neutral
Track1_Testing_00229,neutral,neutral
Track1_Testing_00859,neutral,neutral
Track1_Testing_00246,neutral,neutral
Track1_Testing_00722,neutral,neutral
Track1_Testing_00848,neutral,neutral
Track1_Testing_00707,neutral,neutral
Track1_Testing_00778,neutral,neutral
Track1_Testing_00445,neutral,neutral
Track1_Testing_00885,neutral,neutral
Track1_Testing_00418,neutral,neutral
Track1_Testing_00582,neutral,neutral
Track1_Testing_00096,neutral,neutral
Track1_Testing_00660,neutral,neutral
Track1_Testing_00791,neutral,neutral
Track1_Testing_00851,neutral,neutral
Track1_Testing_00702,neutral,neutral
Track1_Testing_00057,neutral,neutral
Track1_Testing_00076,neutral,neutral
Track1_Testing_00732,neutral,neutral
Track1_Testing_00248,neutral,neutral
Track1_Testing_00756,neutral,neutral
Track1_Testing_00368,neutral,neutral
Track1_Testing_00587,neutral,neutral
Track1_Testing_00274,neutral,neutral
Track1_Testing_00776,neutral,neutral
Track1_Testing_00310,neutral,neutral
Track1_Testing_00657,neutral,neutral
Track1_Testing_00618,neutral,neutral
Track1_Testing_00514,neutral,neutral
Track1_Testing_00505,neutral,neutral
Track1_Testing_00355,neutral,neutral
Track1_Testing_00608,neutral,neutral
Track1_Testing_00715,neutral,neutral
Track1_Testing_00340,neutral,neutral
Track1_Testing_00194,neutral,neutral
Track1_Testing_00626,neutral,neutral
Track1_Testing_00748,neutral,neutral
Track1_Testing_00795,neutral,neutral
Track1_Testing_00705,neutral,neutral
Track1_Testing_00663,neutral,neutral
Track1_Testing_00361,neutral,neutral
Track1_Testing_00188,neutral,neutral
Track1_Testing_00444,neutral,neutral
Track1_Testing_00734,neutral,neutral
Track1_Testing_00596,neutral,neutral
Track1_Testing_00399,neutral,neutral
Track1_Testing_00047,neutral,neutral
Track1_Testing_00335,neutral,neutral
Track1_Testing_00808,neutral,neutral
Track1_Testing_00541,neutral,neutral
Track1_Testing_00724,neutral,neutral
Track1_Testing_00019,neutral,neutral
Track1_Testing_00869,neutral,neutral
Track1_Testing_00078,neutral,neutral
Track1_Testing_00717,neutral,neutral
Track1_Testing_00476,neutral,neutral
Track1_Testing_00165,neutral,neutral
Track1_Testing_00159,neutral,neutral
Track1_Testing_00189,neutral,neutral
Track1_Testing_00144,neutral,neutral
Track1_Testing_00827,neutral,neutral
Track1_Testing_00067,neutral,neutral
Track1_Testing_00466,neutral,neutral
Track1_Testing_00604,neutral,neutral
Track1_Testing_00149,neutral,neutral
Track1_Testing_00398,neutral,neutral
Track1_Testing_00352,neutral,neutral
Track1_Testing_00645,neutral,neutral
Track1_Testing_00113,neutral,neutral
Track1_Testing_00735,neutral,neutral
Track1_Testing_00876,neutral,neutral
Track1_Testing_00694,neutral,neutral
Track1_Testing_00366,neutral,neutral
Track1_Testing_00832,neutral,neutral
Track1_Testing_00524,neutral,neutral
Track1_Testing_00293,neutral,neutral
Track1_Testing_00066,neutral,neutral
Track1_Testing_00219,neutral,neutral
Track1_Testing_00826,neutral,neutral
Track1_Testing_00477,neutral,neutral
Track1_Testing_00285,neutral,neutral
Track1_Testing_00427,neutral,neutral
Track1_Testing_00836,neutral,neutral
Track1_Testing_00823,neutral,neutral
Track1_Testing_00758,neutral,neutral
Track1_Testing_00730,neutral,neutral
Track1_Testing_00554,neutral,neutral
Track1_Testing_00311,neutral,neutral
Track1_Testing_00821,neutral,neutral
Track1_Testing_00634,neutral,neutral
Track1_Testing_00209,neutral,neutral
Track1_Testing_00016,neutral,neutral
Track1_Testing_00807,neutral,neutral
Track1_Testing_00216,neutral,neutral
Track1_Testing_00542,neutral,neutral
Track1_Testing_00891,neutral,neutral
Track1_Testing_00097,neutral,neutral
Track1_Testing_00463,neutral,neutral
Track1_Testing_00118,neutral,neutral
Track1_Testing_00108,neutral,neutral
Track1_Testing_00428,neutral,neutral
Track1_Testing_00323,neutral,neutral
Track1_Testing_00579,neutral,neutral
Track1_Testing_00598,neutral,neutral
Track1_Testing_00643,neutral,neutral
Track1_Testing_00567,neutral,neutral
Track1_Testing_00254,neutral,neutral
Track1_Testing_00258,neutral,neutral
Track1_Testing_00238,neutral,neutral
Track1_Testing_00146,neutral,neutral
Track1_Testing_00098,neutral,neutral
Track1_Testing_00391,neutral,neutral
Track1_Testing_00805,neutral,neutral
Track1_Testing_00291,neutral,neutral
Track1_Testing_00012,neutral,neutral
Track1_Testing_00202,neutral,neutral
Track1_Testing_00691,neutral,neutral
Track1_Testing_00745,neutral,neutral
Track1_Testing_00483,neutral,neutral
Track1_Testing_00710,neutral,neutral
Track1_Testing_00306,neutral,neutral
Track1_Testing_00585,neutral,neutral
Track1_Testing_00414,neutral,neutral
Track1_Testing_00857,neutral,neutral
Track1_Testing_00125,neutral,neutral
Track1_Testing_00263,neutral,neutral
Track1_Testing_00313,neutral,neutral
Track1_Testing_00870,neutral,neutral
Track1_Testing_00890,neutral,neutral
Track1_Testing_00854,neutral,neutral
Track1_Testing_00025,neutral,neutral
Track1_Testing_00300,neutral,neutral
Track1_Testing_00111,neutral,neutral
Track1_Testing_00367,neutral,neutral
Track1_Testing_00501,neutral,neutral
Track1_Testing_00670,neutral,neutral
Track1_Testing_00519,neutral,neutral
Track1_Testing_00356,neutral,neutral
Track1_Testing_00008,neutral,neutral
Track1_Testing_00880,neutral,neutral
Track1_Testing_00633,neutral,neutral
Track1_Testing_00530,neutral,neutral
Track1_Testing_00203,neutral,neutral
Track1_Testing_00586,neutral,neutral
Track1_Testing_00207,neutral,neutral
Track1_Testing_00062,neutral,neutral
Track1_Testing_00449,neutral,neutral
Track1_Testing_00176,neutral,neutral
Track1_Testing_00609,neutral,neutral
Track1_Testing_00441,neutral,neutral
Track1_Testing_00381,neutral,neutral
Track1_Testing_00405,neutral,neutral
Track1_Testing_00460,neutral,neutral
Track1_Testing_00222,neutral,neutral
Track1_Testing_00052,neutral,neutral
Track1_Testing_00044,neutral,neutral
Track1_Testing_00302,neutral,neutral
Track1_Testing_00700,neutral,neutral
Track1_Testing_00789,neutral,neutral
Track1_Testing_00785,neutral,neutral
Track1_Testing_00455,neutral,neutral
Track1_Testing_00856,neutral,neutral
Track1_Testing_00387,neutral,neutral
Track1_Testing_00086,neutral,neutral
Track1_Testing_00214,neutral,neutral
Track1_Testing_00482,neutral,neutral
Track1_Testing_00560,neutral,neutral
Track1_Testing_00264,neutral,neutral
Track1_Testing_00714,neutral,neutral
Track1_Testing_00182,neutral,neutral
Track1_Testing_00065,neutral,neutral
Track1_Testing_00127,neutral,neutral
Track1_Testing_00847,neutral,neutral
Track1_Testing_00436,neutral,neutral
Track1_Testing_00623,neutral,neutral
Track1_Testing_00163,neutral,neutral
Track1_Testing_00206,neutral,neutral
Track1_Testing_00294,neutral,neutral
Track1_Testing_00739,neutral,neutral
Track1_Testing_00090,neutral,neutral
Track1_Testing_00817,neutral,neutral
Track1_Testing_00199,neutral,neutral
Track1_Testing_00279,neutral,neutral
Track1_Testing_00255,neutral,neutral
Track1_Testing_00600,neutral,neutral
Track1_Testing_00895,neutral,neutral
Track1_Testing_00820,neutral,neutral
Track1_Testing_00018,neutral,neutral
Track1_Testing_00121,neutral,neutral
Track1_Testing_00208,neutral,neutral
Track1_Testing_00331,neutral,neutral
Track1_Testing_00319,neutral,neutral
Track1_Testing_00487,neutral,neutral
Track1_Testing_00774,neutral,neutral
Track1_Testing_00573,neutral,neutral
Track1_Testing_00377,neutral,neutral
Track1_Testing_00681,neutral,neutral
Track1_Testing_00868,neutral,neutral
Track1_Testing_00654,neutral,neutral
Track1_Testing_00858,neutral,neutral
Track1_Testing_00552,neutral,neutral
Track1_Testing_00566,neutral,neutral
Track1_Testing_00462,neutral,neutral
Track1_Testing_00083,neutral,neutral
Track1_Testing_00509,neutral,neutral
Track1_Testing_00109,neutral,neutral
Track1_Testing_00780,neutral,neutral
Track1_Testing_00502,neutral,neutral
Track1_Testing_00120,neutral,neutral
Track1_Testing_00299,neutral,neutral
Track1_Testing_00611,neutral,neutral
Track1_Testing_00792,neutral,neutral
Track1_Testing_00577,neutral,neutral
Track1_Testing_00570,neutral,neutral
Track1_Testing_00568,neutral,neutral
Track1_Testing_00243,neutral,neutral
Track1_Testing_00386,neutral,neutral
Track1_Testing_00442,neutral,neutral
Track1_Testing_00131,neutral,neutral
Track1_Testing_00485,neutral,neutral
Track1_Testing_00081,neutral,neutral
Track1_Testing_00589,neutral,neutral
Track1_Testing_00829,neutral,neutral
Track1_Testing_00733,neutral,neutral
Track1_Testing_00727,neutral,neutral
Track1_Testing_00673,neutral,neutral
Track1_Testing_00769,neutral,neutral
Track1_Testing_00473,neutral,neutral
Track1_Testing_00883,neutral,neutral
Track1_Testing_00697,neutral,neutral
Track1_Testing_00762,neutral,neutral
Track1_Testing_00288,neutral,neutral
Track1_Testing_00007,neutral,neutral
Track1_Testing_00698,neutral,neutral
Track1_Testing_00786,neutral,neutral
Track1_Testing_00139,neutral,neutral
Track1_Testing_00841,neutral,neutral
Track1_Testing_00281,neutral,neutral
Track1_Testing_00894,neutral,neutral
Track1_Testing_00187,neutral,neutral
Track1_Testing_00540,neutral,neutral
Track1_Testing_00365,neutral,neutral
Track1_Testing_00401,neutral,neutral
Track1_Testing_00297,neutral,neutral
Track1_Testing_00041,neutral,neutral
Track1_Testing_00863,neutral,neutral
Track1_Testing_00338,neutral,neutral
Track1_Testing_00362,neutral,neutral
Track1_Testing_00706,neutral,neutral
Track1_Testing_00517,neutral,neutral
Track1_Testing_00201,neutral,neutral
Track1_Testing_00074,neutral,neutral
Track1_Testing_00341,neutral,neutral
Track1_Testing_00343,neutral,neutral
Track1_Testing_00538,neutral,neutral
Track1_Testing_00369,neutral,neutral
Track1_Testing_00464,neutral,neutral
Track1_Testing_00344,neutral,neutral
Track1_Testing_00152,neutral,neutral
Track1_Testing_00079,neutral,neutral
Track1_Testing_00484,neutral,neutral
Track1_Testing_00122,neutral,neutral
Track1_Testing_00388,neutral,neutral
Track1_Testing_00002,neutral,neutral
Track1_Testing_00224,neutral,neutral
Track1_Testing_00866,neutral,neutral
Track1_Testing_00624,neutral,neutral
Track1_Testing_00064,neutral,neutral
Track1_Testing_00814,neutral,neutral
Track1_Testing_00312,neutral,neutral
Track1_Testing_00658,neutral,neutral
Track1_Testing_00213,neutral,neutral
Track1_Testing_00228,neutral,neutral
Track1_Testing_00746,neutral,neutral
Track1_Testing_00314,neutral,neutral
Track1_Testing_00330,neutral,neutral
Track1_Testing_00580,neutral,neutral
Track1_Testing_00032,neutral,neutral
Track1_Testing_00572,neutral,neutral
Track1_Testing_00385,neutral,neutral
Track1_Testing_00682,neutral,neutral
Track1_Testing_00059,neutral,neutral
Track1_Testing_00478,neutral,neutral
Track1_Testing_00045,neutral,neutral
Track1_Testing_00879,neutral,neutral
Track1_Testing_00548,neutral,neutral
Track1_Testing_00559,neutral,neutral
Track1_Testing_00332,neutral,neutral
Track1_Testing_00873,neutral,neutral
Track1_Testing_00233,neutral,neutral
Track1_Testing_00770,neutral,neutral
Track1_Testing_00816,neutral,neutral
Track1_Testing_00592,neutral,neutral
Track1_Testing_00676,neutral,neutral
Track1_Testing_00171,neutral,neutral
Track1_Testing_00421,neutral,neutral
Track1_Testing_00558,neutral,neutral
Track1_Testing_00161,neutral,neutral
Track1_Testing_00324,neutral,neutral
Track1_Testing_00872,neutral,neutral
Track1_Testing_00379,neutral,neutral
Track1_Testing_00721,neutral,neutral
Track1_Testing_00091,neutral,neutral
Track1_Testing_00185,neutral,neutral
Track1_Testing_00547,neutral,neutral
Track1_Testing_00372,neutral,neutral
Track1_Testing_00806,neutral,neutral
Track1_Testing_00130,neutral,neutral
Track1_Testing_00811,neutral,neutral
Track1_Testing_00142,neutral,neutral
Track1_Testing_00544,neutral,neutral
Track1_Testing_00186,neutral,neutral
Track1_Testing_00413,neutral,neutral
Track1_Testing_00843,neutral,neutral
Track1_Testing_00666,neutral,neutral
Track1_Testing_00308,neutral,neutral
Track1_Testing_00422,neutral,neutral
Track1_Testing_00783,neutral,neutral
Track1_Testing_00513,neutral,neutral
Track1_Testing_00525,neutral,neutral
Track1_Testing_00759,neutral,neutral
Track1_Testing_00486,neutral,neutral
Track1_Testing_00860,neutral,neutral
Track1_Testing_00092,neutral,neutral
Track1_Testing_00370,neutral,neutral
Track1_Testing_00699,neutral,neutral
Track1_Testing_00504,neutral,neutral
Track1_Testing_00116,neutral,neutral
Track1_Testing_00772,neutral,neutral
Track1_Testing_00479,neutral,neutral
Track1_Testing_00262,neutral,neutral
Track1_Testing_00457,neutral,neutral
Track1_Testing_00275,neutral,neutral
Track1_Testing_00653,neutral,neutral
Track1_Testing_00183,neutral,neutral
Track1_Testing_00797,neutral,neutral
Track1_Testing_00375,neutral,neutral
Track1_Testing_00738,neutral,neutral
Track1_Testing_00668,neutral,neutral
Track1_Testing_00055,neutral,neutral
Track1_Testing_00701,neutral,neutral
Track1_Testing_00474,neutral,neutral
Track1_Testing_00743,neutral,neutral
Track1_Testing_00119,neutral,neutral
Track1_Testing_00737,neutral,neutral
Track1_Testing_00563,neutral,neutral
Track1_Testing_00177,neutral,neutral
Track1_Testing_00198,neutral,neutral
Track1_Testing_00581,neutral,neutral
Track1_Testing_00408,neutral,neutral
Track1_Testing_00887,neutral,neutral
Track1_Testing_00798,neutral,neutral
Track1_Testing_00590,neutral,neutral
Track1_Testing_00231,neutral,neutral
Track1_Testing_00709,neutral,neutral
Track1_Testing_00804,neutral,neutral
Track1_Testing_00071,neutral,neutral
Track1_Testing_00024,neutral,neutral
Track1_Testing_00549,neutral,neutral
Track1_Testing_00295,neutral,neutral
Track1_Testing_00236,neutral,neutral
Track1_Testing_00004,neutral,neutral
Track1_Testing_00239,neutral,neutral
Track1_Testing_00336,neutral,neutral
Track1_Testing_00801,neutral,neutral
Track1_Testing_00574,neutral,neutral
Track1_Testing_00252,neutral,neutral
Track1_Testing_00407,neutral,neutral
Track1_Testing_00511,neutral,neutral
Track1_Testing_00718,neutral,neutral
Track1_Testing_00752,neutral,neutral
Track1_Testing_00500,neutral,neutral
Track1_Testing_00672,neutral,neutral
Track1_Testing_00339,neutral,neutral
Track1_Testing_00612,neutral,neutral
Track1_Testing_00606,neutral,neutral
Track1_Testing_00877,neutral,neutral
Track1_Testing_00625,neutral,neutral
Track1_Testing_00719,neutral,neutral
Track1_Testing_00378,neutral,neutral
Track1_Testing_00227,neutral,neutral
Track1_Testing_00026,neutral,neutral
Track1_Testing_00005,neutral,neutral
Track1_Testing_00328,neutral,neutral
Track1_Testing_00669,neutral,neutral
Track1_Testing_00282,neutral,neutral
Track1_Testing_00129,neutral,neutral
Track1_Testing_00751,neutral,neutral
Track1_Testing_00015,neutral,neutral
Track1_Testing_00850,neutral,neutral
Track1_Testing_00458,neutral,neutral
Track1_Testing_00766,neutral,neutral
Track1_Testing_00396,neutral,neutral
Track1_Testing_00533,neutral,neutral
Track1_Testing_00089,neutral,neutral
Track1_Testing_00383,neutral,neutral
Track1_Testing_00450,neutral,neutral
Track1_Testing_00782,neutral,neutral
Track1_Testing_00257,neutral,neutral
Track1_Testing_00430,neutral,neutral
Track1_Testing_00326,neutral,neutral
Track1_Testing_00508,neutral,neutral
Track1_Testing_00138,neutral,neutral
Track1_Testing_00741,neutral,neutral
Track1_Testing_00516,neutral,neutral
Track1_Testing_00550,neutral,neutral
Track1_Testing_00784,neutral,neutral
Track1_Testing_00197,neutral,neutral
Track1_Testing_00888,neutral,neutral
Track1_Testing_00237,neutral,neutral
Track1_Testing_00539,neutral,neutral
Track1_Testing_00265,neutral,neutral
Track1_Testing_00226,neutral,neutral
Track1_Testing_00835,neutral,neutral
Track1_Testing_00320,neutral,neutral
Track1_Testing_00651,neutral,neutral
Track1_Testing_00750,neutral,neutral
Track1_Testing_00619,neutral,neutral
Track1_Testing_00358,neutral,neutral
Track1_Testing_00106,neutral,neutral
Track1_Testing_00833,neutral,neutral
Track1_Testing_00325,neutral,neutral
Track1_Testing_00822,neutral,neutral
Track1_Testing_00713,neutral,neutral
Track1_Testing_00465,neutral,neutral
Track1_Testing_00046,neutral,neutral
Track1_Testing_00597,neutral,neutral
Track1_Testing_00215,neutral,neutral
Track1_Testing_00010,neutral,neutral
Track1_Testing_00557,neutral,neutral
Track1_Testing_00153,neutral,neutral
Track1_Testing_00280,neutral,neutral
Track1_Testing_00225,neutral,neutral
Track1_Testing_00292,neutral,neutral
Track1_Testing_00210,neutral,neutral
Track1_Testing_00646,neutral,neutral
Track1_Testing_00039,neutral,neutral
Track1_Testing_00419,neutral,neutral
Track1_Testing_00882,neutral,neutral
Track1_Testing_00874,neutral,neutral
Track1_Testing_00145,neutral,neutral
Track1_Testing_00432,neutral,neutral
Track1_Testing_00639,neutral,neutral
